N_Threads,Time,
1, 59.617266,
2,29.951121,
4,15.334914,
8,8.288857,
16, 5.480704,
32, 3.030236,
64, 2.452686,
128, 7.307