N_Threads,Time,
1, 15.840646,
2,8.4242,
4,3.9869857,
8,1.3424,
16,1.1923123,
32,0.32131233
