N_Threads,Time,
1, 19.840646,
2,7.4234234,
4,1.3234234,
8,1.2,
16,1.11,
32,0.1
